                                  ***EXPERIMENT NO: 1.5 - ACCESSING DATABASE:  (SUBQUERY)***
mysql> SELECT * FROM CUSTOMER;
+-----+---------+----------------------+------------+------------+
| ID  | NAME    | ADDRESS              | PH_NO      | CITY       |
+-----+---------+----------------------+------------+------------+
| 100 | Maanas  | Palakkunnummal House | 9020112197 | Calicut    |
| 101 | Aswin   | Dreams villa House   |       NULL | Kozhikode  |
| 102 | Vishnu  | Chembra House        | 9539963367 | Calicut    |
| 104 | Hari    | Dreams House         |       NULL | Palakkad   |
| 105 | Minhaj  | Vallyaveetil House   | 8086909939 | Malappuram |
| 106 | Vyshnav | Sreenilyam House     | 7854328521 | Wayanad    |
+-----+---------+----------------------+------------+------------+
6 rows in set (0.01 sec)

mysql> SELECT * FROM PRODUCT;
+------+----------------------+-------+
| P_ID | P_NAME               | PRICE |
+------+----------------------+-------+
|  301 | DARK CHOCALATE       |     1 |
|  323 | PINPOINT PEN         |    10 |
|  332 | KABSA KIT            |   173 |
|  335 | BASUMATHI RISE       |    92 |
|  339 | AASHIRVAD AATTA 1KG  |    82 |
|  432 | DIARYMILK SILK       |   138 |
|  447 | LAYS CHIPS           |     5 |
|  456 | 7UP 1 LTR            |    92 |
|  467 | DINNER SET           |  1019 |
|  487 | ONION                |   101 |
|  643 | FOG BODYSPRAY        |   255 |
|  743 | CHILLY POWDER        |   148 |
|  987 | COCONUT OIL 1 LTR    |   184 |
+------+----------------------+-------+
13 rows in set (0.00 sec)

mysql> 

mysql> SELECT * FROM INVOICE_ITEM;
+--------+------+----------+
| INV_ID | P_ID | QUANTITY |
+--------+------+----------+
|   1002 |  332 |        4 |
|   1176 |  487 |        5 |
|   1232 |  301 |       50 |
|   1790 |  432 |        2 |
|   1002 |  301 |        2 |
+--------+------+----------+
5 rows in set (0.00 sec)

mysql> 

mysql> SELECT * FROM INVOICE_MASTER;
+--------+------+------------+
| INV_ID | ID   | INV_DATE   |
+--------+------+------------+
|   1002 |  100 | 2023-03-22 |
|   1176 |  100 | 2023-04-23 |
|   1232 |  102 | 2023-02-12 |
|   1236 |  104 | 2023-01-03 |
|   1239 |  101 | 2023-01-03 |
|   1790 |  100 | 2023-01-25 |
+--------+------+------------+
6 rows in set (0.00 sec)

mysql> 








1.    List the customer names of invoice date 3rd January 2023.

mysql> SELECT NAME FROM CUSTOMER WHERE ID IN(SELECT ID FROM INVOICE_MASTER WHERE INV_DATE='2023-01-03');
+-------+
| NAME  |
+-------+
| Hari  |
| Aswin |
+-------+
2 rows in set (0.00 sec)

mysql> 

----------------------------------------------------------------------------------------------------------------------------------------------

2.    List the product name and price of each invoice item.

mysql> SELECT P_NAME,PRICE FROM PRODUCT  WHERE P_ID IN(SELECT P_ID FROM INVOICE_ITEM );
+-----------------+-------+
| P_NAME          | PRICE |
+-----------------+-------+
| DARK CHOCALATE  |     1 |
| KABSA KIT       |   173 |
| DIARYMILK SILK  |   138 |
| ONION           |   101 |
+-----------------+-------+
4 rows in set (0.00 sec)

mysql> 

----------------------------------------------------------------------------------------------------------------------------------------------

3. List the product names, only include their purchased quantity more than 3.

mysql> SELECT P_NAME FROM PRODUCT  WHERE P_ID IN(SELECT P_ID FROM INVOICE_ITEM WHERE QUANTITY > 3);
+----------------+
| P_NAME         |
+----------------+
| KABSA KIT      |
| ONION          |
| DARK CHOCALATE |
+----------------+
3 rows in set (0.04 sec)

mysql> 


----------------------------------------------------------------------------------------------------------------------------------------------

4.Find the product that has no sale.

mysql> SELECT P_NAME FROM PRODUCT WHERE P_ID NOT IN (SELECT P_ID FROM INVOICE_ITEM);
+----------------------+
| P_NAME               |
+----------------------+
| PINPOINT PEN         |
| BASUMATHI RISE       |
| AASHIRVAD AATTA 1KG  |
| LAYS CHIPS           |
| 7UP 1 LTR            |
| DINNER SET           |
| FOG BODYSPRAY        |
| CHILLY POWDER        |
| COCONUT OIL 1 LTR    |
+----------------------+
9 rows in set (0.00 sec)

mysql> 

----------------------------------------------------------------------------------------------------------------------------------------------

5.  List the customer names who purchased the items ‘ONION’ and ‘DIARYMILK SILK’.


mysql> SELECT NAME FROM CUSTOMER WHERE ID IN (SELECT ID FROM INVOICE_MASTER WHERE INV_ID IN (SELECT INV_ID FROM INVOICE_ITEM WHERE P_ID IN(SELECT P_ID FROM PRODUCT WHERE P_NAME  = "ONION" or P_NAME ="DIARYMILK SILK")));
+--------+
| NAME   |
+--------+
| Maanas |
+--------+
1 row in set (0.00 sec)

mysql> 


----------------------------------------------------------------------------------------------------------------------------------------------

6.Display the purchased product details of the customer ’xyz’.

mysql> SELECT P_NAME FROM PRODUCT WHERE P_ID IN (SELECT P_ID FROM INVOICE_ITEM WHERE INV_ID IN (SELECT INV_ID FROM INVOICE_MASTER WHERE ID IN (SELECT ID FROM CUSTOMER WHERE NAME='Maanas')));
+-----------------+
| P_NAME          |
+-----------------+
| KABSA KIT       |
| DARK CHOCALATE  |
| ONION           |
| DIARYMILK SILK  |
+-----------------+
4 rows in set (0.00 sec)



----------------------------------------------------------------------------------------------------------------------------------------------
7.    List the names of all customers who have purchased at least 2 products, make sure that no duplicate names in the result.

mysql> SELECT * FROM INVOICE_ITEM;
+--------+------+----------+
| INV_ID | P_ID | QUANTITY |
+--------+------+----------+
|   1002 |  332 |        4 |
|   1176 |  487 |        5 |
|   1232 |  301 |       50 |
|   1790 |  432 |        2 |
|   1002 |  301 |        2 |
+--------+------+----------+
5 rows in set (0.00 sec)

mysql> 



mysql> SELECT DISTINCT NAME FROM CUSTOMER WHERE ID IN (SELECT ID FROM INVOICE_MASTER WHERE INV_ID IN (SELECT INV_ID FROM INVOICE_ITEM GROUP BY
INV_ID HAVING COUNT(*)>=2));
+--------+
| NAME   |
+--------+
| Maanas |
+--------+
1 row in set (0.00 sec)



//LIST THE TABLE FIRST















