                                            ***EXPERIMENT NO: 1.6 ACCESSING DATABASES: (VIEWS)***


1. Create a view for customers who have purchased products.

mysql> CREATE VIEW CUSTOMER1 AS SELECT NAME FROM CUSTOMER WHERE ID IN (SELECT ID FROM INVOICE_MASTER);
Query OK, 0 rows affected (0.07 sec)

mysql> SELECT * FROM CUSTOMER1;
+--------+
| NAME   |
+--------+
| Maanas |
| Aswin  |
| Vishnu |
| Hari   |
+--------+
4 rows in set (0.00 sec)

...................................................................................................................................................

2. Create a view for invoice products[cust_name, , inv_id, product_id, quantity]

mysql> CREATE VIEW INVOICE_PRODUCT1 AS SELECT CUSTOMER.NAME,INVOICE_MASTER.INV_ID,PRODUCT.P_ID,INVOICE_ITEM.QUANTITY FROM CUSTOMER INNER JOIN INVOICE_MASTER ON CUSTOMER.ID=INVOICE_MASTER.ID INNER JOIN INVOICE_ITEM ON INVOICE_MASTER.INV_ID=INVOICE_ITEM.INV_ID INNER JOIN PRODUCT ON PRODUCT.P_ID=INVOICE_ITEM.P_ID;
Query OK, 0 rows affected (0.04 sec)

mysql> SELECT * FROM INVOICE_PRODUCT1;
+--------+--------+------+----------+
| NAME   | INV_ID | P_ID | QUANTITY |
+--------+--------+------+----------+
| Maanas |   1002 |  332 |        4 |
| Maanas |   1176 |  487 |        5 |
| Vishnu |   1232 |  301 |       50 |
| Maanas |   1790 |  432 |        2 |
| Maanas |   1002 |  301 |        2 |
+--------+--------+------+----------+
5 rows in set (0.00 sec)

mysql> 
//VERIFIED
