                            ***EXPERIMENT NO: 1.8 OPTIMIZING DATABASE: (JOINS)***


mysql> SELECT * FROM CUSTOMER;
+-----+---------+----------------------+------------+------------+
| ID  | NAME    | ADDRESS              | PH_NO      | CITY       |
+-----+---------+----------------------+------------+------------+
| 100 | Maanas  | Palakkunnummal House | 9020112197 | Calicut    |
| 101 | Aswin   | Dreams villa House   |       NULL | Kozhikode  |
| 102 | Vishnu  | Chembra House        | 9539963367 | Calicut    |
| 104 | Hari    | Dreams House         |       NULL | Palakkad   |
| 105 | Minhaj  | Vallyaveetil House   | 8086909939 | Malappuram |
| 106 | Vyshnav | Sreenilyam House     | 7854328521 | Wayanad    |
+-----+---------+----------------------+------------+------------+
6 rows in set (0.01 sec)


mysql> SELECT * FROM PRODUCT;
+------+----------------------+-------+
| P_ID | P_NAME               | PRICE |
+------+----------------------+-------+
|  301 | DARK CHOCALATE       |     1 |
|  323 | PINPOINT PEN         |    10 |
|  332 | KABSA KIT            |   173 |
|  335 | BASUMATHI RISE       |    92 |
|  339 | AASHIRVAD AATTA 1KG  |    82 |
|  432 | DIARYMILK SILK       |   138 |
|  447 | LAYS CHIPS           |     5 |
|  456 | 7UP 1 LTR            |    92 |
|  467 | DINNER SET           |  1019 |
|  487 | ONION                |   101 |
|  643 | FOG BODYSPRAY        |   255 |
|  743 | CHILLY POWDER        |   148 |
|  987 | COCONUT OIL 1 LTR    |   184 |
+------+----------------------+-------+
13 rows in set (0.00 sec)



mysql> SELECT * FROM INVOICE_ITEM;
+--------+------+----------+
| INV_ID | P_ID | QUANTITY |
+--------+------+----------+
|   1002 |  332 |        4 |
|   1176 |  487 |        5 |
|   1232 |  301 |       50 |
|   1790 |  432 |        2 |
|   1002 |  301 |        2 |
|   1236 |  323 |        5 |
|   1239 |  487 |       12 |
+--------+------+----------+
7 rows in set (0.00 sec)

mysql> 


mysql> SELECT * FROM INVOICE_MASTER;
+--------+------+------------+
| INV_ID | ID   | INV_DATE   |
+--------+------+------------+
|   1002 |  100 | 2023-03-22 |
|   1176 |  100 | 2023-04-23 |
|   1232 |  102 | 2023-02-12 |
|   1236 |  104 | 2023-01-03 |
|   1239 |  101 | 2023-01-03 |
|   1790 |  100 | 2023-01-25 |
+--------+------+------------+
6 rows in set (0.00 sec)


...................................................................................................................................................


1.List the product name and quantity of invoice items.

mysql> SELECT PRODUCT.P_NAME,INVOICE_ITEM.QUANTITY FROM PRODUCT INNER JOIN INVOICE_ITEM ON PRODUCT.P_ID=INVOICE_ITEM.P_ID;
+-----------------+----------+
| P_NAME          | QUANTITY |
+-----------------+----------+
| KABSA KIT       |        4 |
| ONION           |        5 |
| DARK CHOCALATE  |       50 |
| DIARYMILK SILK  |        2 |
| DARK CHOCALATE  |        2 |
| PINPOINT PEN    |        5 |
| ONION           |       12 |
+-----------------+----------+
7 rows in set (0.00 sec)

mysql> 



...................................................................................................................................................


2.Display invoice details of the transaction dated ’22-03-2022’.


mysql> SELECT INVOICE_MASTER.INV_DATE,INVOICE_MASTER.ID,CUSTOMER.NAME,INVOICE_ITEM.P_ID,PRODUCT.P_NAME,INVOICE_ITEM.QUANTITY FROM INVOICE_MASTER INNER JOIN INVOICE_ITEM ON INVOICE_MASTER.INV_ID=INVOICE_ITEM.INV_ID INNER JOIN PRODUCT ON PRODUCT.P_ID=INVOICE_ITEM.P_ID INNER JOIN CUSTOMER ON CUSTOMER.ID=INVOICE_MASTER.ID WHERE INV_DATE='2023-03-22';
+------------+------+--------+------+----------------+----------+
| INV_DATE   | ID   | NAME   | P_ID | P_NAME         | QUANTITY |
+------------+------+--------+------+----------------+----------+
| 2023-03-22 |  100 | Maanas |  332 | KABSA KIT      |        4 |
| 2023-03-22 |  100 | Maanas |  301 | DARK CHOCALATE |        2 |
+------------+------+--------+------+----------------+----------+
2 rows in set (0.00 sec)

...................................................................................................................................................

3.  Display the customer name, product name, invoice date of purchased item ‘KABSA KIT’.

mysql> SELECT CUSTOMER.NAME,PRODUCT.P_NAME,INVOICE_MASTER.INV_DATE FROM CUSTOMER INNER JOIN INVOICE_MASTER ON CUSTOMER.ID=INVOICE_MASTER.ID INNER JOIN INVOICE_ITEM ON INVOICE_MASTER.INV_ID=INVOICE_ITEM.INV_ID INNER JOIN PRODUCT ON INVOICE_ITEM.P_ID=PRODUCT.P_ID WHERE P_NAME="KABSA KIT";
+--------+-----------+------------+
| NAME   | P_NAME    | INV_DATE   |
+--------+-----------+------------+
| Maanas | KABSA KIT | 2023-03-22 |
+--------+-----------+------------+
1 row in set (0.02 sec)

mysql> 


...................................................................................................................................................

4.Display all customer details and invoice details must include customer has not purchased items.

SELECT CUSTOMER.NAME,INVOICE_MASTER.INV_ID,INVOICE_MASTER.INV_DATE,PRODUCT.P_NAME FROM CUSTOMER LEFT JOIN INVOICE_MASTER ON CUSTOMER.ID=INVOICE_MASTER.ID LEFT JOIN INVOICE_ITEM ON INVOICE_MASTER.INV_ID=INVOICE_ITEM.INV_ID LEFT JOIN PRODUCT ON PRODUCT.P_ID=INVOICE_ITEM.P_ID;
+---------+--------+------------+-----------------+
| NAME    | INV_ID | INV_DATE   | P_NAME          |
+---------+--------+------------+-----------------+
| Maanas  |   1002 | 2023-03-22 | KABSA KIT       |
| Maanas  |   1002 | 2023-03-22 | DARK CHOCALATE  |
| Maanas  |   1176 | 2023-04-23 | ONION           |
| Vishnu  |   1232 | 2023-02-12 | DARK CHOCALATE  |
| Hari    |   1236 | 2023-01-03 | PINPOINT PEN    |
| Aswin   |   1239 | 2023-01-03 | ONION           |
| Maanas  |   1790 | 2023-01-25 | DIARYMILK SILK  |
| Minhaj  |   NULL | NULL       | NULL            |
| Vyshnav |   NULL | NULL       | NULL            |
+---------+--------+------------+-----------------+
9 rows in set (0.03 sec)

mysql>























